candidate_id,company,title,start_date,end_date,duration_months,is_current,industry,company_size,description
CAND_0000001,Mindtree,Backend Engineer,08-03-2024,NaN,27,TRUE,IT Services,10001+,"Implemented streaming data pipelines on Kafka and Spark Streaming for a real-time user-activity processing platform. Designed the schema-registry integration, the watermark/state management approach, and the deduplication logic for late-arriving events. Worked closely with the data science team to make sure feature pipelines aligned with what their models needed. Most of my career has been data engineering, with some adjacent ML exposure."
CAND_0000001,Dunder Mifflin,Analytics Engineer,03-07-2019,08-01-2024,55,FALSE,Paper Products,201-500,Built and maintained data pipelines on Apache Airflow processing ~500GB of daily transactional data across 12 source systems. Worked extensively with Spark (PySpark) for batch processing and dbt for the transformation/modeling layer in our Snowflake warehouse. Owned the on-call rotation for data quality issues — wrote most of the data quality checks that detect schema drift and unusual volume changes. The pipeline supports the analytics team and a few internal ML models.
CAND_0000002,Wipro,Operations Manager,14-11-2022,NaN,43,TRUE,IT Services,10001+,Customer support team lead at a SaaS product. Managed a team of 8 support agents handling tier-1 and tier-2 tickets; owned the escalation process to engineering and the customer-feedback loop to product. Built out the support knowledge base and the agent training program. Strong on the people-management side and the process side; lighter on technical depth beyond product expertise.
CAND_0000002,Wipro,Operations Manager,13-09-2021,07-11-2022,14,FALSE,IT Services,10001+,"Mechanical engineering design role at a hardware-product company. Led the design of two product subsystems through full lifecycle: concept, DFM/DFMA review, prototype, production tooling. Comfortable with CAD (SolidWorks, Creo), FEA (ANSYS), and the typical hardware-development cadence. Worked closely with manufacturing partners on production scale-up."
CAND_0000002,Acme Corp,Marketing Manager,08-03-2017,14-08-2021,54,FALSE,Manufacturing,201-500,"Content writing and SEO strategy for a tech-focused publication. Wrote longform articles on developer tools, cloud platforms, and AI/ML topics — including some that ranked on the first page of search for high-competition keywords. Managed a freelance writer pool and the editorial calendar. Recent work has been on AI-assisted content production, using LLM tools for research, drafting, and editing while maintaining editorial quality."
CAND_0000002,Dunder Mifflin,Marketing Manager,23-01-2014,08-03-2017,38,FALSE,Paper Products,201-500,"Brand design and creative direction at a consumer-products company. Owned brand identity (logo, visual system, typography), packaging design, and digital creative across web and social. Led the recent rebrand and managed a small external agency for production work. Comfortable across the Adobe suite, Figma, and the production side of brand and packaging design."
CAND_0000003,TCS,Customer Support,02-05-2025,NaN,13,TRUE,IT Services,10001+,"Business analyst at a consulting firm, working primarily with retail and CPG clients. Conducted business diagnostics, process re-engineering work, and digital transformation strategy projects. Strong on stakeholder management, structured problem-solving, and the typical consulting toolkit (slide-craft, Excel modeling, executive communication). Recent project work involved AI-strategy advisory but my own technical depth in AI is limited."
CAND_0000004,Dunder Mifflin,Marketing Manager,02-04-2025,NaN,14,TRUE,Paper Products,201-500,"Mechanical engineering design role at a hardware-product company. Led the design of two product subsystems through full lifecycle: concept, DFM/DFMA review, prototype, production tooling. Comfortable with CAD (SolidWorks, Creo), FEA (ANSYS), and the typical hardware-development cadence. Worked closely with manufacturing partners on production scale-up."
CAND_0000004,Infosys,Operations Manager,28-07-2023,19-03-2025,20,FALSE,IT Services,10001+,"Content writing and SEO strategy for a tech-focused publication. Wrote longform articles on developer tools, cloud platforms, and AI/ML topics — including some that ranked on the first page of search for high-competition keywords. Managed a freelance writer pool and the editorial calendar. Recent work has been on AI-assisted content production, using LLM tools for research, drafting, and editing while maintaining editorial quality."
CAND_0000004,Globex Inc,Business Analyst,02-08-2022,29-05-2023,10,FALSE,Manufacturing,501-1000,"Operations management role at a logistics company. Owned daily fulfillment operations across 3 warehouses, managing a team of 80 across receiving, picking, packing, and outbound. Built and tracked the operational KPIs (on-time fulfillment, accuracy, cost per order) and led the continuous improvement initiatives that drove a 22% productivity gain over 18 months."
CAND_0000005,Stark Industries,Accountant,17-02-2022,NaN,52,TRUE,Manufacturing,1001-5000,"Business analyst at a consulting firm, working primarily with retail and CPG clients. Conducted business diagnostics, process re-engineering work, and digital transformation strategy projects. Strong on stakeholder management, structured problem-solving, and the typical consulting toolkit (slide-craft, Excel modeling, executive communication). Recent project work involved AI-strategy advisory but my own technical depth in AI is limited."
CAND_0000005,Wipro,HR Manager,25-05-2018,03-02-2022,45,FALSE,IT Services,10001+,"Senior accounting role at a mid-sized company — month-end close, financial reporting, statutory compliance (GAAP / Ind-AS), and tax filings. Owned the GL, fixed-asset register, and the audit-readiness function. Managed a team of 3 staff accountants. Built strong process discipline around the close cycle, reducing close time from 12 days to 7 over the last two years."
CAND_0000005,Initech,HR Manager,04-06-2016,25-05-2018,24,FALSE,Software,51-200,"Business analyst at a consulting firm, working primarily with retail and CPG clients. Conducted business diagnostics, process re-engineering work, and digital transformation strategy projects. Strong on stakeholder management, structured problem-solving, and the typical consulting toolkit (slide-craft, Excel modeling, executive communication). Recent project work involved AI-strategy advisory but my own technical depth in AI is limited."
CAND_0000005,TCS,Accountant,08-09-2015,04-06-2016,9,FALSE,IT Services,10001+,Customer support team lead at a SaaS product. Managed a team of 8 support agents handling tier-1 and tier-2 tickets; owned the escalation process to engineering and the customer-feedback loop to product. Built out the support knowledge base and the agent training program. Strong on the people-management side and the process side; lighter on technical depth beyond product expertise.
CAND_0000006,Wayne Enterprises,Business Analyst,10-09-2023,NaN,33,TRUE,Conglomerate,10001+,"Senior accounting role at a mid-sized company — month-end close, financial reporting, statutory compliance (GAAP / Ind-AS), and tax filings. Owned the GL, fixed-asset register, and the audit-readiness function. Managed a team of 3 staff accountants. Built strong process discipline around the close cycle, reducing close time from 12 days to 7 over the last two years."
CAND_0000006,Pied Piper,Mechanical Engineer,27-07-2020,10-09-2023,38,FALSE,Software,Nov-50,"Business analyst at a consulting firm, working primarily with retail and CPG clients. Conducted business diagnostics, process re-engineering work, and digital transformation strategy projects. Strong on stakeholder management, structured problem-solving, and the typical consulting toolkit (slide-craft, Excel modeling, executive communication). Recent project work involved AI-strategy advisory but my own technical depth in AI is limited."
CAND_0000007,Wipro,Civil Engineer,13-04-2023,NaN,38,TRUE,IT Services,10001+,"Brand design and creative direction at a consumer-products company. Owned brand identity (logo, visual system, typography), packaging design, and digital creative across web and social. Led the recent rebrand and managed a small external agency for production work. Comfortable across the Adobe suite, Figma, and the production side of brand and packaging design."
CAND_0000007,Initech,Mechanical Engineer,16-01-2021,06-04-2023,27,FALSE,Software,51-200,Customer support team lead at a SaaS product. Managed a team of 8 support agents handling tier-1 and tier-2 tickets; owned the escalation process to engineering and the customer-feedback loop to product. Built out the support knowledge base and the agent training program. Strong on the people-management side and the process side; lighter on technical depth beyond product expertise.
CAND_0000008,Wipro,Operations Manager,14-11-2022,NaN,43,TRUE,IT Services,10001+,"Marketing leadership role at a B2B SaaS company. Owned the demand-generation function — content marketing, paid acquisition, SEO, email nurture. Built and managed a team of 5 across content, performance marketing, and marketing operations. Worked closely with sales on lead-quality definitions and the SDR-handoff process. Recent focus has been on account-based marketing for our enterprise segment."
CAND_0000009,Dunder Mifflin,Mechanical Engineer,15-10-2022,NaN,44,TRUE,Paper Products,201-500,"Business analyst at a consulting firm, working primarily with retail and CPG clients. Conducted business diagnostics, process re-engineering work, and digital transformation strategy projects. Strong on stakeholder management, structured problem-solving, and the typical consulting toolkit (slide-craft, Excel modeling, executive communication). Recent project work involved AI-strategy advisory but my own technical depth in AI is limited."
CAND_0000009,Wipro,Content Writer,22-02-2021,15-10-2022,20,FALSE,IT Services,10001+,"Marketing leadership role at a B2B SaaS company. Owned the demand-generation function — content marketing, paid acquisition, SEO, email nurture. Built and managed a team of 5 across content, performance marketing, and marketing operations. Worked closely with sales on lead-quality definitions and the SDR-handoff process. Recent focus has been on account-based marketing for our enterprise segment."
CAND_0000009,Stark Industries,Customer Support,13-02-2017,22-02-2021,49,FALSE,Manufacturing,1001-5000,"Mechanical engineering design role at a hardware-product company. Led the design of two product subsystems through full lifecycle: concept, DFM/DFMA review, prototype, production tooling. Comfortable with CAD (SolidWorks, Creo), FEA (ANSYS), and the typical hardware-development cadence. Worked closely with manufacturing partners on production scale-up."
CAND_0000009,Acme Corp,Project Manager,23-08-2015,13-02-2017,18,FALSE,Manufacturing,201-500,"Enterprise sales of cloud software solutions into the mid-market segment. Carried a $1.8M ARR quota and consistently delivered against it across the last three years. Owned the full sales cycle: prospecting, discovery, technical evaluation (with SE support), commercial negotiation, and close. Strong on consultative selling for technical buyers; comfortable engaging with both engineering and finance stakeholders."
CAND_0000010,Ola,Data Engineer,19-11-2021,NaN,55,TRUE,Transportation,5001-10000,"Mixed data science and analytics-engineering role at a marketing-analytics startup. Spent maybe 30% of my time on lightweight ML (clustering, classification, churn prediction in sklearn/XGBoost) and 70% on data infrastructure and dashboards. Comfortable with the modeling work but I wouldn't call myself an ML specialist. Built our experimentation framework that supports the product team's A/B tests."
CAND_0000011,Pied Piper,QA Engineer,02-05-2025,NaN,13,TRUE,Software,Nov-50,"Android mobile development using Java and (more recently) Kotlin at a consumer-app company. Built and maintained multiple production features including the main shopping flow, push notification system, and the offline-first sync layer. Comfortable with the Android framework, Jetpack components, and the typical patterns (MVVM, Hilt, Coroutines). My career has been entirely on mobile so far; interested in expanding into broader backend or platform engineering."
CAND_0000011,Hooli,QA Engineer,06-06-2024,02-04-2025,10,FALSE,Software,1001-5000,"Test automation and QA engineering for a fintech product. Built and maintained the end-to-end test suite using Selenium and pytest, plus the load-testing setup using Locust. Worked closely with developers on testability patterns and with product on acceptance criteria. Recent work has been on shifting test responsibility into the dev team — moving from QA-as-gate to QA-as-coach. Career has been entirely in QA/test engineering."
CAND_0000012,Stark Industries,Operations Manager,02-05-2025,NaN,13,TRUE,Manufacturing,1001-5000,"Senior accounting role at a mid-sized company — month-end close, financial reporting, statutory compliance (GAAP / Ind-AS), and tax filings. Owned the GL, fixed-asset register, and the audit-readiness function. Managed a team of 3 staff accountants. Built strong process discipline around the close cycle, reducing close time from 12 days to 7 over the last two years."
CAND_0000013,Globex Inc,Civil Engineer,02-05-2025,NaN,13,TRUE,Manufacturing,501-1000,Customer support team lead at a SaaS product. Managed a team of 8 support agents handling tier-1 and tier-2 tickets; owned the escalation process to engineering and the customer-feedback loop to product. Built out the support knowledge base and the agent training program. Strong on the people-management side and the process side; lighter on technical depth beyond product expertise.
CAND_0000014,Zomato,Frontend Engineer,10-09-2023,NaN,33,TRUE,Food Delivery,5001-10000,"Frontend engineering at a media company. React, TypeScript, and the typical surrounding tooling (Webpack, Jest, Cypress). Built the company's design system from scratch and led the migration from a legacy AngularJS app. Strong on the frontend craft — accessibility, performance, animations — but limited backend exposure."
CAND_0000014,Dunder Mifflin,Software Engineer,01-10-2019,10-09-2023,48,FALSE,Paper Products,201-500,"Test automation and QA engineering for a fintech product. Built and maintained the end-to-end test suite using Selenium and pytest, plus the load-testing setup using Locust. Worked closely with developers on testability patterns and with product on acceptance criteria. Recent work has been on shifting test responsibility into the dev team — moving from QA-as-gate to QA-as-coach. Career has been entirely in QA/test engineering."
CAND_0000014,Acme Corp,Java Developer,03-03-2018,24-09-2019,19,FALSE,Manufacturing,201-500,"Android mobile development using Java and (more recently) Kotlin at a consumer-app company. Built and maintained multiple production features including the main shopping flow, push notification system, and the offline-first sync layer. Comfortable with the Android framework, Jetpack components, and the typical patterns (MVVM, Hilt, Coroutines). My career has been entirely on mobile so far; interested in expanding into broader backend or platform engineering."
CAND_0000015,Razorpay,Software Engineer,09-11-2023,NaN,31,TRUE,Fintech,1001-5000,"Cloud infrastructure and DevOps work at an enterprise SaaS company. Owned the AWS account architecture (VPC, IAM, networking), the Terraform modules for our service deployments, and the Kubernetes cluster operations. Designed the CI/CD pipelines (GitLab CI + ArgoCD) and the monitoring stack (Prometheus, Grafana, Loki). Strong on the infra and ops side; haven't done much application development."
CAND_0000015,Hooli,Mobile Developer,12-11-2021,02-11-2023,24,FALSE,Software,1001-5000,"Android mobile development using Java and (more recently) Kotlin at a consumer-app company. Built and maintained multiple production features including the main shopping flow, push notification system, and the offline-first sync layer. Comfortable with the Android framework, Jetpack components, and the typical patterns (MVVM, Hilt, Coroutines). My career has been entirely on mobile so far; interested in expanding into broader backend or platform engineering."
CAND_0000015,Globex Inc,DevOps Engineer,15-02-2021,12-11-2021,9,FALSE,Manufacturing,501-1000,"Java backend development at a large enterprise — Spring Boot microservices, Kafka for inter-service messaging, Postgres + Redis for storage. Worked on the customer onboarding flow which involved orchestrating multiple downstream services. Solid on the Spring ecosystem, transaction handling, and the operational side of Java services. Looking to either go deeper on distributed systems or expand into modern application stacks."
CAND_0000016,Infosys,Accountant,03-12-2024,NaN,18,TRUE,IT Services,10001+,"Enterprise sales of cloud software solutions into the mid-market segment. Carried a $1.8M ARR quota and consistently delivered against it across the last three years. Owned the full sales cycle: prospecting, discovery, technical evaluation (with SE support), commercial negotiation, and close. Strong on consultative selling for technical buyers; comfortable engaging with both engineering and finance stakeholders."
CAND_0000016,TCS,Mechanical Engineer,06-09-2021,19-11-2024,39,FALSE,IT Services,10001+,Customer support team lead at a SaaS product. Managed a team of 8 support agents handling tier-1 and tier-2 tickets; owned the escalation process to engineering and the customer-feedback loop to product. Built out the support knowledge base and the agent training program. Strong on the people-management side and the process side; lighter on technical depth beyond product expertise.
CAND_0000016,Globex Inc,Operations Manager,08-02-2021,07-08-2021,6,FALSE,Manufacturing,501-1000,"Mechanical engineering design role at a hardware-product company. Led the design of two product subsystems through full lifecycle: concept, DFM/DFMA review, prototype, production tooling. Comfortable with CAD (SolidWorks, Creo), FEA (ANSYS), and the typical hardware-development cadence. Worked closely with manufacturing partners on production scale-up."
CAND_0000017,Wipro,Accountant,08-03-2024,NaN,27,TRUE,IT Services,10001+,Customer support team lead at a SaaS product. Managed a team of 8 support agents handling tier-1 and tier-2 tickets; owned the escalation process to engineering and the customer-feedback loop to product. Built out the support knowledge base and the agent training program. Strong on the people-management side and the process side; lighter on technical depth beyond product expertise.
CAND_0000017,Infosys,Customer Support,08-02-2021,23-02-2024,37,FALSE,IT Services,10001+,"Mechanical engineering design role at a hardware-product company. Led the design of two product subsystems through full lifecycle: concept, DFM/DFMA review, prototype, production tooling. Comfortable with CAD (SolidWorks, Creo), FEA (ANSYS), and the typical hardware-development cadence. Worked closely with manufacturing partners on production scale-up."
CAND_0000017,Initech,Mechanical Engineer,29-07-2017,08-02-2021,43,FALSE,Software,51-200,"Enterprise sales of cloud software solutions into the mid-market segment. Carried a $1.8M ARR quota and consistently delivered against it across the last three years. Owned the full sales cycle: prospecting, discovery, technical evaluation (with SE support), commercial negotiation, and close. Strong on consultative selling for technical buyers; comfortable engaging with both engineering and finance stakeholders."
CAND_0000017,Acme Corp,Accountant,16-05-2014,29-07-2017,39,FALSE,Manufacturing,201-500,"Senior accounting role at a mid-sized company — month-end close, financial reporting, statutory compliance (GAAP / Ind-AS), and tax filings. Owned the GL, fixed-asset register, and the audit-readiness function. Managed a team of 3 staff accountants. Built strong process discipline around the close cycle, reducing close time from 12 days to 7 over the last two years."
CAND_0000018,Acme Corp,Frontend Engineer,10-09-2023,NaN,33,TRUE,Manufacturing,201-500,"Test automation and QA engineering for a fintech product. Built and maintained the end-to-end test suite using Selenium and pytest, plus the load-testing setup using Locust. Worked closely with developers on testability patterns and with product on acceptance criteria. Recent work has been on shifting test responsibility into the dev team — moving from QA-as-gate to QA-as-coach. Career has been entirely in QA/test engineering."
CAND_0000018,Pied Piper,Frontend Engineer,23-01-2021,10-09-2023,32,FALSE,Software,Nov-50,"Test automation and QA engineering for a fintech product. Built and maintained the end-to-end test suite using Selenium and pytest, plus the load-testing setup using Locust. Worked closely with developers on testability patterns and with product on acceptance criteria. Recent work has been on shifting test responsibility into the dev team — moving from QA-as-gate to QA-as-coach. Career has been entirely in QA/test engineering."
CAND_0000018,Initech,Full Stack Developer,30-12-2019,23-01-2021,13,FALSE,Software,51-200,"Android mobile development using Java and (more recently) Kotlin at a consumer-app company. Built and maintained multiple production features including the main shopping flow, push notification system, and the offline-first sync layer. Comfortable with the Android framework, Jetpack components, and the typical patterns (MVVM, Hilt, Coroutines). My career has been entirely on mobile so far; interested in expanding into broader backend or platform engineering."
CAND_0000019,Wayne Enterprises,Project Manager,15-10-2022,NaN,44,TRUE,Conglomerate,10001+,"Business analyst at a consulting firm, working primarily with retail and CPG clients. Conducted business diagnostics, process re-engineering work, and digital transformation strategy projects. Strong on stakeholder management, structured problem-solving, and the typical consulting toolkit (slide-craft, Excel modeling, executive communication). Recent project work involved AI-strategy advisory but my own technical depth in AI is limited."
CAND_0000019,Wayne Enterprises,Marketing Manager,19-08-2020,08-10-2022,26,FALSE,Conglomerate,10001+,"Mechanical engineering design role at a hardware-product company. Led the design of two product subsystems through full lifecycle: concept, DFM/DFMA review, prototype, production tooling. Comfortable with CAD (SolidWorks, Creo), FEA (ANSYS), and the typical hardware-development cadence. Worked closely with manufacturing partners on production scale-up."
CAND_0000019,Pied Piper,Business Analyst,15-01-2020,12-08-2020,7,FALSE,Software,Nov-50,"Brand design and creative direction at a consumer-products company. Owned brand identity (logo, visual system, typography), packaging design, and digital creative across web and social. Led the recent rebrand and managed a small external agency for production work. Comfortable across the Adobe suite, Figma, and the production side of brand and packaging design."
CAND_0000020,Wipro,Mechanical Engineer,12-06-2023,NaN,36,TRUE,IT Services,10001+,"Marketing leadership role at a B2B SaaS company. Owned the demand-generation function — content marketing, paid acquisition, SEO, email nurture. Built and managed a team of 5 across content, performance marketing, and marketing operations. Worked closely with sales on lead-quality definitions and the SDR-handoff process. Recent focus has been on account-based marketing for our enterprise segment."
CAND_0000020,Stark Industries,Graphic Designer,27-07-2020,13-04-2023,33,FALSE,Manufacturing,1001-5000,"Marketing leadership role at a B2B SaaS company. Owned the demand-generation function — content marketing, paid acquisition, SEO, email nurture. Built and managed a team of 5 across content, performance marketing, and marketing operations. Worked closely with sales on lead-quality definitions and the SDR-handoff process. Recent focus has been on account-based marketing for our enterprise segment."
CAND_0000020,Dunder Mifflin,Civil Engineer,29-01-2020,27-07-2020,6,FALSE,Paper Products,201-500,"Content writing and SEO strategy for a tech-focused publication. Wrote longform articles on developer tools, cloud platforms, and AI/ML topics — including some that ranked on the first page of search for high-competition keywords. Managed a freelance writer pool and the editorial calendar. Recent work has been on AI-assisted content production, using LLM tools for research, drafting, and editing while maintaining editorial quality."
CAND_0000021,Wipro,Project Manager,09-12-2023,NaN,30,TRUE,IT Services,10001+,"Brand design and creative direction at a consumer-products company. Owned brand identity (logo, visual system, typography), packaging design, and digital creative across web and social. Led the recent rebrand and managed a small external agency for production work. Comfortable across the Adobe suite, Figma, and the production side of brand and packaging design."
CAND_0000021,Infosys,Marketing Manager,22-02-2021,10-10-2023,32,FALSE,IT Services,10001+,"Mechanical engineering design role at a hardware-product company. Led the design of two product subsystems through full lifecycle: concept, DFM/DFMA review, prototype, production tooling. Comfortable with CAD (SolidWorks, Creo), FEA (ANSYS), and the typical hardware-development cadence. Worked closely with manufacturing partners on production scale-up."
CAND_0000021,Stark Industries,Sales Executive,25-08-2019,15-02-2021,18,FALSE,Manufacturing,1001-5000,Customer support team lead at a SaaS product. Managed a team of 8 support agents handling tier-1 and tier-2 tickets; owned the escalation process to engineering and the customer-feedback loop to product. Built out the support knowledge base and the agent training program. Strong on the people-management side and the process side; lighter on technical depth beyond product expertise.
CAND_0000021,Dunder Mifflin,Customer Support,17-06-2015,25-08-2019,51,FALSE,Paper Products,201-500,Customer support team lead at a SaaS product. Managed a team of 8 support agents handling tier-1 and tier-2 tickets; owned the escalation process to engineering and the customer-feedback loop to product. Built out the support knowledge base and the agent training program. Strong on the people-management side and the process side; lighter on technical depth beyond product expertise.
CAND_0000021,Wipro,Project Manager,24-03-2014,17-06-2015,15,FALSE,IT Services,10001+,Customer support team lead at a SaaS product. Managed a team of 8 support agents handling tier-1 and tier-2 tickets; owned the escalation process to engineering and the customer-feedback loop to product. Built out the support knowledge base and the agent training program. Strong on the people-management side and the process side; lighter on technical depth beyond product expertise.
CAND_0000021,TCS,Customer Support,05-12-2011,23-01-2014,26,FALSE,IT Services,10001+,"Business analyst at a consulting firm, working primarily with retail and CPG clients. Conducted business diagnostics, process re-engineering work, and digital transformation strategy projects. Strong on stakeholder management, structured problem-solving, and the typical consulting toolkit (slide-craft, Excel modeling, executive communication). Recent project work involved AI-strategy advisory but my own technical depth in AI is limited."
CAND_0000022,Hooli,Mechanical Engineer,02-05-2025,NaN,13,TRUE,Software,1001-5000,"Content writing and SEO strategy for a tech-focused publication. Wrote longform articles on developer tools, cloud platforms, and AI/ML topics — including some that ranked on the first page of search for high-competition keywords. Managed a freelance writer pool and the editorial calendar. Recent work has been on AI-assisted content production, using LLM tools for research, drafting, and editing while maintaining editorial quality."
CAND_0000023,Acme Corp,Software Engineer,02-04-2025,NaN,14,TRUE,Manufacturing,201-500,"Test automation and QA engineering for a fintech product. Built and maintained the end-to-end test suite using Selenium and pytest, plus the load-testing setup using Locust. Worked closely with developers on testability patterns and with product on acceptance criteria. Recent work has been on shifting test responsibility into the dev team — moving from QA-as-gate to QA-as-coach. Career has been entirely in QA/test engineering."
CAND_0000023,Flipkart,Frontend Engineer,15-10-2022,02-04-2025,30,FALSE,E-commerce,10001+,"Android mobile development using Java and (more recently) Kotlin at a consumer-app company. Built and maintained multiple production features including the main shopping flow, push notification system, and the offline-first sync layer. Comfortable with the Android framework, Jetpack components, and the typical patterns (MVVM, Hilt, Coroutines). My career has been entirely on mobile so far; interested in expanding into broader backend or platform engineering."
CAND_0000024,TCS,HR Manager,13-04-2023,NaN,38,TRUE,IT Services,10001+,"Marketing leadership role at a B2B SaaS company. Owned the demand-generation function — content marketing, paid acquisition, SEO, email nurture. Built and managed a team of 5 across content, performance marketing, and marketing operations. Worked closely with sales on lead-quality definitions and the SDR-handoff process. Recent focus has been on account-based marketing for our enterprise segment."
CAND_0000024,Infosys,Accountant,05-12-2018,12-02-2023,51,FALSE,IT Services,10001+,"Content writing and SEO strategy for a tech-focused publication. Wrote longform articles on developer tools, cloud platforms, and AI/ML topics — including some that ranked on the first page of search for high-competition keywords. Managed a freelance writer pool and the editorial calendar. Recent work has been on AI-assisted content production, using LLM tools for research, drafting, and editing while maintaining editorial quality."
CAND_0000025,Tech Mahindra,Frontend Engineer,10-09-2023,NaN,33,TRUE,IT Services,10001+,"Android mobile development using Java and (more recently) Kotlin at a consumer-app company. Built and maintained multiple production features including the main shopping flow, push notification system, and the offline-first sync layer. Comfortable with the Android framework, Jetpack components, and the typical patterns (MVVM, Hilt, Coroutines). My career has been entirely on mobile so far; interested in expanding into broader backend or platform engineering."
CAND_0000025,Mindtree,Frontend Engineer,17-09-2019,27-08-2023,48,FALSE,IT Services,10001+,"Android mobile development using Java and (more recently) Kotlin at a consumer-app company. Built and maintained multiple production features including the main shopping flow, push notification system, and the offline-first sync layer. Comfortable with the Android framework, Jetpack components, and the typical patterns (MVVM, Hilt, Coroutines). My career has been entirely on mobile so far; interested in expanding into broader backend or platform engineering."
CAND_0000025,Zomato,Frontend Engineer,21-03-2019,17-09-2019,6,FALSE,Food Delivery,5001-10000,"Frontend engineering at a media company. React, TypeScript, and the typical surrounding tooling (Webpack, Jest, Cypress). Built the company's design system from scratch and led the migration from a legacy AngularJS app. Strong on the frontend craft — accessibility, performance, animations — but limited backend exposure."
CAND_0000026,Initech,Graphic Designer,14-11-2022,NaN,43,TRUE,Software,51-200,Customer support team lead at a SaaS product. Managed a team of 8 support agents handling tier-1 and tier-2 tickets; owned the escalation process to engineering and the customer-feedback loop to product. Built out the support knowledge base and the agent training program. Strong on the people-management side and the process side; lighter on technical depth beyond product expertise.
CAND_0000026,Acme Corp,Accountant,24-03-2021,14-11-2022,20,FALSE,Manufacturing,201-500,"Content writing and SEO strategy for a tech-focused publication. Wrote longform articles on developer tools, cloud platforms, and AI/ML topics — including some that ranked on the first page of search for high-competition keywords. Managed a freelance writer pool and the editorial calendar. Recent work has been on AI-assisted content production, using LLM tools for research, drafting, and editing while maintaining editorial quality."
CAND_0000026,Acme Corp,Project Manager,31-10-2019,24-03-2021,17,FALSE,Manufacturing,201-500,"Enterprise sales of cloud software solutions into the mid-market segment. Carried a $1.8M ARR quota and consistently delivered against it across the last three years. Owned the full sales cycle: prospecting, discovery, technical evaluation (with SE support), commercial negotiation, and close. Strong on consultative selling for technical buyers; comfortable engaging with both engineering and finance stakeholders."
CAND_0000027,Infosys,DevOps Engineer,12-06-2023,NaN,36,TRUE,IT Services,10001+,"Java backend development at a large enterprise — Spring Boot microservices, Kafka for inter-service messaging, Postgres + Redis for storage. Worked on the customer onboarding flow which involved orchestrating multiple downstream services. Solid on the Spring ecosystem, transaction handling, and the operational side of Java services. Looking to either go deeper on distributed systems or expand into modern application stacks."
CAND_0000027,Wipro,DevOps Engineer,02-08-2022,29-05-2023,10,FALSE,IT Services,10001+,"Full-stack web application development at a SaaS company. Built React-based admin interfaces and the Node.js REST API backing them. Worked across the stack: frontend components, REST endpoint design, PostgreSQL schema, deployment via Docker/Kubernetes. Comfortable in most parts of a typical web stack though my comfort zone is the backend and database side. Recent learning has been on the testing and CI/CD discipline."
CAND_0000028,Wipro,Operations Manager,02-05-2025,NaN,13,TRUE,IT Services,10001+,"Brand design and creative direction at a consumer-products company. Owned brand identity (logo, visual system, typography), packaging design, and digital creative across web and social. Led the recent rebrand and managed a small external agency for production work. Comfortable across the Adobe suite, Figma, and the production side of brand and packaging design."
CAND_0000029,Wipro,Business Analyst,01-02-2025,NaN,16,TRUE,IT Services,10001+,"Marketing leadership role at a B2B SaaS company. Owned the demand-generation function — content marketing, paid acquisition, SEO, email nurture. Built and managed a team of 5 across content, performance marketing, and marketing operations. Worked closely with sales on lead-quality definitions and the SDR-handoff process. Recent focus has been on account-based marketing for our enterprise segment."
CAND_0000029,Globex Inc,Mechanical Engineer,09-12-2023,01-02-2025,14,FALSE,Manufacturing,501-1000,"Mechanical engineering design role at a hardware-product company. Led the design of two product subsystems through full lifecycle: concept, DFM/DFMA review, prototype, production tooling. Comfortable with CAD (SolidWorks, Creo), FEA (ANSYS), and the typical hardware-development cadence. Worked closely with manufacturing partners on production scale-up."
CAND_0000029,TCS,Civil Engineer,27-05-2019,02-12-2023,55,FALSE,IT Services,10001+,Customer support team lead at a SaaS product. Managed a team of 8 support agents handling tier-1 and tier-2 tickets; owned the escalation process to engineering and the customer-feedback loop to product. Built out the support knowledge base and the agent training program. Strong on the people-management side and the process side; lighter on technical depth beyond product expertise.
CAND_0000030,Dunder Mifflin,Marketing Manager,19-03-2022,NaN,51,TRUE,Paper Products,201-500,"Senior accounting role at a mid-sized company — month-end close, financial reporting, statutory compliance (GAAP / Ind-AS), and tax filings. Owned the GL, fixed-asset register, and the audit-readiness function. Managed a team of 3 staff accountants. Built strong process discipline around the close cycle, reducing close time from 12 days to 7 over the last two years."
CAND_0000030,Hooli,Sales Executive,08-07-2018,19-03-2022,45,FALSE,Software,1001-5000,"Operations management role at a logistics company. Owned daily fulfillment operations across 3 warehouses, managing a team of 80 across receiving, picking, packing, and outbound. Built and tracked the operational KPIs (on-time fulfillment, accuracy, cost per order) and led the continuous improvement initiatives that drove a 22% productivity gain over 18 months."
CAND_0000030,Hooli,Content Writer,17-08-2016,08-06-2018,22,FALSE,Software,1001-5000,"Content writing and SEO strategy for a tech-focused publication. Wrote longform articles on developer tools, cloud platforms, and AI/ML topics — including some that ranked on the first page of search for high-competition keywords. Managed a freelance writer pool and the editorial calendar. Recent work has been on AI-assisted content production, using LLM tools for research, drafting, and editing while maintaining editorial quality."
CAND_0000031,Swiggy,Recommendation Systems Engineer,02-04-2025,NaN,14,TRUE,Food Delivery,5001-10000,"Trained and shipped multiple ranking models for our product's discovery feed using XGBoost and LightGBM. Designed features across three families: content metadata, user behavior signals, and item engagement history. Owned the offline-online correlation analysis that determined which offline metrics actually predicted A/B test outcomes. Worked closely with PMs to define the optimization target (click-through vs. dwell time vs. downstream conversion) — that work was as important as the modeling itself."
CAND_0000031,Mad Street Den,Search Engineer,10-10-2023,01-02-2025,16,FALSE,AI/ML,201-500,"Trained and shipped multiple ranking models for our product's discovery feed using XGBoost and LightGBM. Designed features across three families: content metadata, user behavior signals, and item engagement history. Owned the offline-online correlation analysis that determined which offline metrics actually predicted A/B test outcomes. Worked closely with PMs to define the optimization target (click-through vs. dwell time vs. downstream conversion) — that work was as important as the modeling itself."
CAND_0000031,Uber,NLP Engineer,22-07-2021,10-10-2023,27,FALSE,Transportation,10001+,"Trained and shipped multiple ranking models for our product's discovery feed using XGBoost and LightGBM. Designed features across three families: content metadata, user behavior signals, and item engagement history. Owned the offline-online correlation analysis that determined which offline metrics actually predicted A/B test outcomes. Worked closely with PMs to define the optimization target (click-through vs. dwell time vs. downstream conversion) — that work was as important as the modeling itself."
CAND_0000031,Zomato,Applied ML Engineer,27-06-2020,22-07-2021,13,FALSE,Food Delivery,5001-10000,"Owned the ranking layer for an e-commerce search product, evolving it from a hand-tuned scoring function to a learning-to-rank model over 9 months. Designed the relevance labeling pipeline (mix of click-through data and explicit human judgments), the feature pipeline, and the training/eval workflow. Most of the work was infrastructure and data quality — the modeling part was almost the easy bit. Final model improved revenue-per-search by 12%."
CAND_0000032,Cognizant,.NET Developer,07-02-2024,NaN,28,TRUE,IT Services,10001+,"Java backend development at a large enterprise — Spring Boot microservices, Kafka for inter-service messaging, Postgres + Redis for storage. Worked on the customer onboarding flow which involved orchestrating multiple downstream services. Solid on the Spring ecosystem, transaction handling, and the operational side of Java services. Looking to either go deeper on distributed systems or expand into modern application stacks."
CAND_0000032,HCL,Cloud Engineer,19-11-2021,07-02-2024,27,FALSE,IT Services,10001+,"Test automation and QA engineering for a fintech product. Built and maintained the end-to-end test suite using Selenium and pytest, plus the load-testing setup using Locust. Worked closely with developers on testability patterns and with product on acceptance criteria. Recent work has been on shifting test responsibility into the dev team — moving from QA-as-gate to QA-as-coach. Career has been entirely in QA/test engineering."
CAND_0000032,Globex Inc,Mobile Developer,24-07-2018,05-11-2021,40,FALSE,Manufacturing,501-1000,"Full-stack web application development at a SaaS company. Built React-based admin interfaces and the Node.js REST API backing them. Worked across the stack: frontend components, REST endpoint design, PostgreSQL schema, deployment via Docker/Kubernetes. Comfortable in most parts of a typical web stack though my comfort zone is the backend and database side. Recent learning has been on the testing and CI/CD discipline."
CAND_0000033,Wipro,Graphic Designer,09-11-2023,NaN,31,TRUE,IT Services,10001+,"Business analyst at a consulting firm, working primarily with retail and CPG clients. Conducted business diagnostics, process re-engineering work, and digital transformation strategy projects. Strong on stakeholder management, structured problem-solving, and the typical consulting toolkit (slide-craft, Excel modeling, executive communication). Recent project work involved AI-strategy advisory but my own technical depth in AI is limited."
CAND_0000033,Dunder Mifflin,Project Manager,20-07-2020,02-11-2023,40,FALSE,Paper Products,201-500,"Senior accounting role at a mid-sized company — month-end close, financial reporting, statutory compliance (GAAP / Ind-AS), and tax filings. Owned the GL, fixed-asset register, and the audit-readiness function. Managed a team of 3 staff accountants. Built strong process discipline around the close cycle, reducing close time from 12 days to 7 over the last two years."
CAND_0000033,Acme Corp,Content Writer,02-01-2018,20-07-2020,31,FALSE,Manufacturing,201-500,"Enterprise sales of cloud software solutions into the mid-market segment. Carried a $1.8M ARR quota and consistently delivered against it across the last three years. Owned the full sales cycle: prospecting, discovery, technical evaluation (with SE support), commercial negotiation, and close. Strong on consultative selling for technical buyers; comfortable engaging with both engineering and finance stakeholders."
CAND_0000034,Wipro,Business Analyst,02-04-2025,NaN,14,TRUE,IT Services,10001+,"Content writing and SEO strategy for a tech-focused publication. Wrote longform articles on developer tools, cloud platforms, and AI/ML topics — including some that ranked on the first page of search for high-competition keywords. Managed a freelance writer pool and the editorial calendar. Recent work has been on AI-assisted content production, using LLM tools for research, drafting, and editing while maintaining editorial quality."
CAND_0000034,Hooli,Mechanical Engineer,13-05-2023,01-02-2025,21,FALSE,Software,1001-5000,"Business analyst at a consulting firm, working primarily with retail and CPG clients. Conducted business diagnostics, process re-engineering work, and digital transformation strategy projects. Strong on stakeholder management, structured problem-solving, and the typical consulting toolkit (slide-craft, Excel modeling, executive communication). Recent project work involved AI-strategy advisory but my own technical depth in AI is limited."
CAND_0000034,Infosys,Business Analyst,22-02-2021,13-04-2023,26,FALSE,IT Services,10001+,"Business analyst at a consulting firm, working primarily with retail and CPG clients. Conducted business diagnostics, process re-engineering work, and digital transformation strategy projects. Strong on stakeholder management, structured problem-solving, and the typical consulting toolkit (slide-craft, Excel modeling, executive communication). Recent project work involved AI-strategy advisory but my own technical depth in AI is limited."
CAND_0000034,TCS,Accountant,10-11-2017,22-02-2021,40,FALSE,IT Services,10001+,"Business analyst at a consulting firm, working primarily with retail and CPG clients. Conducted business diagnostics, process re-engineering work, and digital transformation strategy projects. Strong on stakeholder management, structured problem-solving, and the typical consulting toolkit (slide-craft, Excel modeling, executive communication). Recent project work involved AI-strategy advisory but my own technical depth in AI is limited."
CAND_0000034,Hooli,Accountant,20-01-2016,10-11-2017,22,FALSE,Software,1001-5000,"Marketing leadership role at a B2B SaaS company. Owned the demand-generation function — content marketing, paid acquisition, SEO, email nurture. Built and managed a team of 5 across content, performance marketing, and marketing operations. Worked closely with sales on lead-quality definitions and the SDR-handoff process. Recent focus has been on account-based marketing for our enterprise segment."
CAND_0000034,Pied Piper,Content Writer,06-12-2012,20-01-2016,38,FALSE,Software,Nov-50,"Marketing leadership role at a B2B SaaS company. Owned the demand-generation function — content marketing, paid acquisition, SEO, email nurture. Built and managed a team of 5 across content, performance marketing, and marketing operations. Worked closely with sales on lead-quality definitions and the SDR-handoff process. Recent focus has been on account-based marketing for our enterprise segment."
CAND_0000034,Stark Industries,Content Writer,11-01-2012,07-10-2012,9,FALSE,Manufacturing,1001-5000,"Mechanical engineering design role at a hardware-product company. Led the design of two product subsystems through full lifecycle: concept, DFM/DFMA review, prototype, production tooling. Comfortable with CAD (SolidWorks, Creo), FEA (ANSYS), and the typical hardware-development cadence. Worked closely with manufacturing partners on production scale-up."
CAND_0000035,Globex Inc,Full Stack Developer,10-09-2023,NaN,33,TRUE,Manufacturing,501-1000,"Full-stack web application development at a SaaS company. Built React-based admin interfaces and the Node.js REST API backing them. Worked across the stack: frontend components, REST endpoint design, PostgreSQL schema, deployment via Docker/Kubernetes. Comfortable in most parts of a typical web stack though my comfort zone is the backend and database side. Recent learning has been on the testing and CI/CD discipline."
CAND_0000035,Wipro,Software Engineer,19-03-2022,10-09-2023,18,FALSE,IT Services,10001+,"Frontend engineering at a media company. React, TypeScript, and the typical surrounding tooling (Webpack, Jest, Cypress). Built the company's design system from scratch and led the migration from a legacy AngularJS app. Strong on the frontend craft — accessibility, performance, animations — but limited backend exposure."
CAND_0000036,Initech,Project Manager,01-02-2025,NaN,16,TRUE,Software,51-200,"Brand design and creative direction at a consumer-products company. Owned brand identity (logo, visual system, typography), packaging design, and digital creative across web and social. Led the recent rebrand and managed a small external agency for production work. Comfortable across the Adobe suite, Figma, and the production side of brand and packaging design."
CAND_0000036,Hooli,Content Writer,11-08-2023,01-02-2025,18,FALSE,Software,1001-5000,"Marketing leadership role at a B2B SaaS company. Owned the demand-generation function — content marketing, paid acquisition, SEO, email nurture. Built and managed a team of 5 across content, performance marketing, and marketing operations. Worked closely with sales on lead-quality definitions and the SDR-handoff process. Recent focus has been on account-based marketing for our enterprise segment."
CAND_0000036,Dunder Mifflin,HR Manager,30-11-2019,11-08-2023,45,FALSE,Paper Products,201-500,"Brand design and creative direction at a consumer-products company. Owned brand identity (logo, visual system, typography), packaging design, and digital creative across web and social. Led the recent rebrand and managed a small external agency for production work. Comfortable across the Adobe suite, Figma, and the production side of brand and packaging design."
CAND_0000036,TCS,Civil Engineer,10-12-2017,30-11-2019,24,FALSE,IT Services,10001+,"Senior accounting role at a mid-sized company — month-end close, financial reporting, statutory compliance (GAAP / Ind-AS), and tax filings. Owned the GL, fixed-asset register, and the audit-readiness function. Managed a team of 3 staff accountants. Built strong process discipline around the close cycle, reducing close time from 12 days to 7 over the last two years."
CAND_0000036,Wayne Enterprises,Marketing Manager,18-05-2015,03-12-2017,31,FALSE,Conglomerate,10001+,"Mechanical engineering design role at a hardware-product company. Led the design of two product subsystems through full lifecycle: concept, DFM/DFMA review, prototype, production tooling. Comfortable with CAD (SolidWorks, Creo), FEA (ANSYS), and the typical hardware-development cadence. Worked closely with manufacturing partners on production scale-up."
CAND_0000037,Stark Industries,Business Analyst,19-03-2022,NaN,51,TRUE,Manufacturing,1001-5000,"Business analyst at a consulting firm, working primarily with retail and CPG clients. Conducted business diagnostics, process re-engineering work, and digital transformation strategy projects. Strong on stakeholder management, structured problem-solving, and the typical consulting toolkit (slide-craft, Excel modeling, executive communication). Recent project work involved AI-strategy advisory but my own technical depth in AI is limited."
CAND_0000037,Initech,Civil Engineer,18-08-2019,05-03-2022,31,FALSE,Software,51-200,"Operations management role at a logistics company. Owned daily fulfillment operations across 3 warehouses, managing a team of 80 across receiving, picking, packing, and outbound. Built and tracked the operational KPIs (on-time fulfillment, accuracy, cost per order) and led the continuous improvement initiatives that drove a 22% productivity gain over 18 months."
CAND_0000037,Stark Industries,Content Writer,06-01-2016,18-08-2019,44,FALSE,Manufacturing,1001-5000,"Operations management role at a logistics company. Owned daily fulfillment operations across 3 warehouses, managing a team of 80 across receiving, picking, packing, and outbound. Built and tracked the operational KPIs (on-time fulfillment, accuracy, cost per order) and led the continuous improvement initiatives that drove a 22% productivity gain over 18 months."
CAND_0000037,Hooli,Mechanical Engineer,20-07-2013,06-01-2016,30,FALSE,Software,1001-5000,"Marketing leadership role at a B2B SaaS company. Owned the demand-generation function — content marketing, paid acquisition, SEO, email nurture. Built and managed a team of 5 across content, performance marketing, and marketing operations. Worked closely with sales on lead-quality definitions and the SDR-handoff process. Recent focus has been on account-based marketing for our enterprise segment."
CAND_0000037,Acme Corp,HR Manager,26-04-2012,20-06-2013,14,FALSE,Manufacturing,201-500,"Brand design and creative direction at a consumer-products company. Owned brand identity (logo, visual system, typography), packaging design, and digital creative across web and social. Led the recent rebrand and managed a small external agency for production work. Comfortable across the Adobe suite, Figma, and the production side of brand and packaging design."
CAND_0000038,Swiggy,Java Developer,09-11-2023,NaN,31,TRUE,Food Delivery,5001-10000,"Frontend engineering at a media company. React, TypeScript, and the typical surrounding tooling (Webpack, Jest, Cypress). Built the company's design system from scratch and led the migration from a legacy AngularJS app. Strong on the frontend craft — accessibility, performance, animations — but limited backend exposure."
CAND_0000038,Globex Inc,.NET Developer,15-09-2022,09-11-2023,14,FALSE,Manufacturing,501-1000,"Java backend development at a large enterprise — Spring Boot microservices, Kafka for inter-service messaging, Postgres + Redis for storage. Worked on the customer onboarding flow which involved orchestrating multiple downstream services. Solid on the Spring ecosystem, transaction handling, and the operational side of Java services. Looking to either go deeper on distributed systems or expand into modern application stacks."
CAND_0000038,Hooli,DevOps Engineer,30-11-2019,15-09-2022,34,FALSE,Software,1001-5000,"Frontend engineering at a media company. React, TypeScript, and the typical surrounding tooling (Webpack, Jest, Cypress). Built the company's design system from scratch and led the migration from a legacy AngularJS app. Strong on the frontend craft — accessibility, performance, animations — but limited backend exposure."
CAND_0000039,Acme Corp,Marketing Manager,05-08-2024,NaN,22,TRUE,Manufacturing,201-500,"Mechanical engineering design role at a hardware-product company. Led the design of two product subsystems through full lifecycle: concept, DFM/DFMA review, prototype, production tooling. Comfortable with CAD (SolidWorks, Creo), FEA (ANSYS), and the typical hardware-development cadence. Worked closely with manufacturing partners on production scale-up."
CAND_0000039,Stark Industries,Mechanical Engineer,16-08-2022,05-08-2024,24,FALSE,Manufacturing,1001-5000,"Brand design and creative direction at a consumer-products company. Owned brand identity (logo, visual system, typography), packaging design, and digital creative across web and social. Led the recent rebrand and managed a small external agency for production work. Comfortable across the Adobe suite, Figma, and the production side of brand and packaging design."
CAND_0000040,Globex Inc,Customer Support,03-11-2024,NaN,19,TRUE,Manufacturing,501-1000,"Enterprise sales of cloud software solutions into the mid-market segment. Carried a $1.8M ARR quota and consistently delivered against it across the last three years. Owned the full sales cycle: prospecting, discovery, technical evaluation (with SE support), commercial negotiation, and close. Strong on consultative selling for technical buyers; comfortable engaging with both engineering and finance stakeholders."
CAND_0000041,Hooli,Operations Manager,14-12-2022,NaN,42,TRUE,Software,1001-5000,Customer support team lead at a SaaS product. Managed a team of 8 support agents handling tier-1 and tier-2 tickets; owned the escalation process to engineering and the customer-feedback loop to product. Built out the support knowledge base and the agent training program. Strong on the people-management side and the process side; lighter on technical depth beyond product expertise.
CAND_0000041,Acme Corp,Business Analyst,24-03-2021,14-12-2022,21,FALSE,Manufacturing,201-500,"Mechanical engineering design role at a hardware-product company. Led the design of two product subsystems through full lifecycle: concept, DFM/DFMA review, prototype, production tooling. Comfortable with CAD (SolidWorks, Creo), FEA (ANSYS), and the typical hardware-development cadence. Worked closely with manufacturing partners on production scale-up."
CAND_0000041,Wayne Enterprises,Content Writer,21-03-2019,10-03-2021,24,FALSE,Conglomerate,10001+,"Operations management role at a logistics company. Owned daily fulfillment operations across 3 warehouses, managing a team of 80 across receiving, picking, packing, and outbound. Built and tracked the operational KPIs (on-time fulfillment, accuracy, cost per order) and led the continuous improvement initiatives that drove a 22% productivity gain over 18 months."
CAND_0000041,Infosys,Content Writer,05-12-2014,14-03-2019,52,FALSE,IT Services,10001+,Customer support team lead at a SaaS product. Managed a team of 8 support agents handling tier-1 and tier-2 tickets; owned the escalation process to engineering and the customer-feedback loop to product. Built out the support knowledge base and the agent training program. Strong on the people-management side and the process side; lighter on technical depth beyond product expertise.
CAND_0000041,Dunder Mifflin,Mechanical Engineer,07-01-2013,28-11-2014,23,FALSE,Paper Products,201-500,"Marketing leadership role at a B2B SaaS company. Owned the demand-generation function — content marketing, paid acquisition, SEO, email nurture. Built and managed a team of 5 across content, performance marketing, and marketing operations. Worked closely with sales on lead-quality definitions and the SDR-handoff process. Recent focus has been on account-based marketing for our enterprise segment."
CAND_0000042,Wayne Enterprises,HR Manager,07-04-2024,NaN,26,TRUE,Conglomerate,10001+,"Content writing and SEO strategy for a tech-focused publication. Wrote longform articles on developer tools, cloud platforms, and AI/ML topics — including some that ranked on the first page of search for high-competition keywords. Managed a freelance writer pool and the editorial calendar. Recent work has been on AI-assisted content production, using LLM tools for research, drafting, and editing while maintaining editorial quality."
CAND_0000042,Wipro,Business Analyst,14-03-2023,08-03-2024,12,FALSE,IT Services,10001+,"Enterprise sales of cloud software solutions into the mid-market segment. Carried a $1.8M ARR quota and consistently delivered against it across the last three years. Owned the full sales cycle: prospecting, discovery, technical evaluation (with SE support), commercial negotiation, and close. Strong on consultative selling for technical buyers; comfortable engaging with both engineering and finance stakeholders."
CAND_0000042,Infosys,Customer Support,23-04-2021,13-01-2023,21,FALSE,IT Services,10001+,"Marketing leadership role at a B2B SaaS company. Owned the demand-generation function — content marketing, paid acquisition, SEO, email nurture. Built and managed a team of 5 across content, performance marketing, and marketing operations. Worked closely with sales on lead-quality definitions and the SDR-handoff process. Recent focus has been on account-based marketing for our enterprise segment."
CAND_0000043,Swiggy,Cloud Engineer,09-12-2023,NaN,30,TRUE,Food Delivery,5001-10000,"Test automation and QA engineering for a fintech product. Built and maintained the end-to-end test suite using Selenium and pytest, plus the load-testing setup using Locust. Worked closely with developers on testability patterns and with product on acceptance criteria. Recent work has been on shifting test responsibility into the dev team — moving from QA-as-gate to QA-as-coach. Career has been entirely in QA/test engineering."
CAND_0000043,HCL,.NET Developer,19-12-2021,09-12-2023,24,FALSE,IT Services,10001+,"Cloud infrastructure and DevOps work at an enterprise SaaS company. Owned the AWS account architecture (VPC, IAM, networking), the Terraform modules for our service deployments, and the Kubernetes cluster operations. Designed the CI/CD pipelines (GitLab CI + ArgoCD) and the monitoring stack (Prometheus, Grafana, Loki). Strong on the infra and ops side; haven't done much application development."
CAND_0000043,Mindtree,Frontend Engineer,30-11-2019,19-12-2021,25,FALSE,IT Services,10001+,"Android mobile development using Java and (more recently) Kotlin at a consumer-app company. Built and maintained multiple production features including the main shopping flow, push notification system, and the offline-first sync layer. Comfortable with the Android framework, Jetpack components, and the typical patterns (MVVM, Hilt, Coroutines). My career has been entirely on mobile so far; interested in expanding into broader backend or platform engineering."
CAND_0000043,Initech,DevOps Engineer,09-04-2018,30-11-2019,20,FALSE,Software,51-200,"Android mobile development using Java and (more recently) Kotlin at a consumer-app company. Built and maintained multiple production features including the main shopping flow, push notification system, and the offline-first sync layer. Comfortable with the Android framework, Jetpack components, and the typical patterns (MVVM, Hilt, Coroutines). My career has been entirely on mobile so far; interested in expanding into broader backend or platform engineering."
CAND_0000044,Tech Mahindra,Frontend Engineer,18-04-2022,NaN,50,TRUE,IT Services,10001+,"Java backend development at a large enterprise — Spring Boot microservices, Kafka for inter-service messaging, Postgres + Redis for storage. Worked on the customer onboarding flow which involved orchestrating multiple downstream services. Solid on the Spring ecosystem, transaction handling, and the operational side of Java services. Looking to either go deeper on distributed systems or expand into modern application stacks."
CAND_0000044,Hooli,DevOps Engineer,25-10-2020,18-04-2022,18,FALSE,Software,1001-5000,"Frontend engineering at a media company. React, TypeScript, and the typical surrounding tooling (Webpack, Jest, Cypress). Built the company's design system from scratch and led the migration from a legacy AngularJS app. Strong on the frontend craft — accessibility, performance, animations — but limited backend exposure."
CAND_0000045,Initech,Project Manager,03-03-2025,NaN,15,TRUE,Software,51-200,"Enterprise sales of cloud software solutions into the mid-market segment. Carried a $1.8M ARR quota and consistently delivered against it across the last three years. Owned the full sales cycle: prospecting, discovery, technical evaluation (with SE support), commercial negotiation, and close. Strong on consultative selling for technical buyers; comfortable engaging with both engineering and finance stakeholders."
CAND_0000045,Pied Piper,Civil Engineer,07-02-2024,03-03-2025,13,FALSE,Software,Nov-50,"Mechanical engineering design role at a hardware-product company. Led the design of two product subsystems through full lifecycle: concept, DFM/DFMA review, prototype, production tooling. Comfortable with CAD (SolidWorks, Creo), FEA (ANSYS), and the typical hardware-development cadence. Worked closely with manufacturing partners on production scale-up."
CAND_0000045,Infosys,Marketing Manager,29-01-2023,24-01-2024,12,FALSE,IT Services,10001+,Customer support team lead at a SaaS product. Managed a team of 8 support agents handling tier-1 and tier-2 tickets; owned the escalation process to engineering and the customer-feedback loop to product. Built out the support knowledge base and the agent training program. Strong on the people-management side and the process side; lighter on technical depth beyond product expertise.
CAND_0000045,Wayne Enterprises,Content Writer,06-10-2021,29-01-2023,16,FALSE,Conglomerate,10001+,"Marketing leadership role at a B2B SaaS company. Owned the demand-generation function — content marketing, paid acquisition, SEO, email nurture. Built and managed a team of 5 across content, performance marketing, and marketing operations. Worked closely with sales on lead-quality definitions and the SDR-handoff process. Recent focus has been on account-based marketing for our enterprise segment."
CAND_0000045,TCS,Graphic Designer,09-08-2018,22-09-2021,38,FALSE,IT Services,10001+,Customer support team lead at a SaaS product. Managed a team of 8 support agents handling tier-1 and tier-2 tickets; owned the escalation process to engineering and the customer-feedback loop to product. Built out the support knowledge base and the agent training program. Strong on the people-management side and the process side; lighter on technical depth beyond product expertise.
CAND_0000045,Wayne Enterprises,Graphic Designer,21-04-2016,09-08-2018,28,FALSE,Conglomerate,10001+,"Enterprise sales of cloud software solutions into the mid-market segment. Carried a $1.8M ARR quota and consistently delivered against it across the last three years. Owned the full sales cycle: prospecting, discovery, technical evaluation (with SE support), commercial negotiation, and close. Strong on consultative selling for technical buyers; comfortable engaging with both engineering and finance stakeholders."
CAND_0000045,Stark Industries,Operations Manager,17-07-2014,07-04-2016,21,FALSE,Manufacturing,1001-5000,"Enterprise sales of cloud software solutions into the mid-market segment. Carried a $1.8M ARR quota and consistently delivered against it across the last three years. Owned the full sales cycle: prospecting, discovery, technical evaluation (with SE support), commercial negotiation, and close. Strong on consultative selling for technical buyers; comfortable engaging with both engineering and finance stakeholders."
CAND_0000046,Hooli,Mechanical Engineer,09-12-2023,NaN,30,TRUE,Software,1001-5000,Customer support team lead at a SaaS product. Managed a team of 8 support agents handling tier-1 and tier-2 tickets; owned the escalation process to engineering and the customer-feedback loop to product. Built out the support knowledge base and the agent training program. Strong on the people-management side and the process side; lighter on technical depth beyond product expertise.
CAND_0000046,Pied Piper,HR Manager,22-02-2021,09-11-2023,33,FALSE,Software,Nov-50,"Marketing leadership role at a B2B SaaS company. Owned the demand-generation function — content marketing, paid acquisition, SEO, email nurture. Built and managed a team of 5 across content, performance marketing, and marketing operations. Worked closely with sales on lead-quality definitions and the SDR-handoff process. Recent focus has been on account-based marketing for our enterprise segment."
CAND_0000046,Hooli,Marketing Manager,23-08-2018,08-02-2021,30,FALSE,Software,1001-5000,"Operations management role at a logistics company. Owned daily fulfillment operations across 3 warehouses, managing a team of 80 across receiving, picking, packing, and outbound. Built and tracked the operational KPIs (on-time fulfillment, accuracy, cost per order) and led the continuous improvement initiatives that drove a 22% productivity gain over 18 months."
CAND_0000047,TCS,Project Manager,07-02-2024,NaN,28,TRUE,IT Services,10001+,"Operations management role at a logistics company. Owned daily fulfillment operations across 3 warehouses, managing a team of 80 across receiving, picking, packing, and outbound. Built and tracked the operational KPIs (on-time fulfillment, accuracy, cost per order) and led the continuous improvement initiatives that drove a 22% productivity gain over 18 months."
CAND_0000048,CRED,Mobile Developer,07-02-2024,NaN,28,TRUE,Fintech,1001-5000,"Frontend engineering at a media company. React, TypeScript, and the typical surrounding tooling (Webpack, Jest, Cypress). Built the company's design system from scratch and led the migration from a legacy AngularJS app. Strong on the frontend craft — accessibility, performance, animations — but limited backend exposure."
CAND_0000048,Cognizant,Full Stack Developer,17-06-2022,07-02-2024,20,FALSE,IT Services,10001+,"Android mobile development using Java and (more recently) Kotlin at a consumer-app company. Built and maintained multiple production features including the main shopping flow, push notification system, and the offline-first sync layer. Comfortable with the Android framework, Jetpack components, and the typical patterns (MVVM, Hilt, Coroutines). My career has been entirely on mobile so far; interested in expanding into broader backend or platform engineering."
CAND_0000048,Stark Industries,Mobile Developer,08-02-2018,18-04-2022,51,FALSE,Manufacturing,1001-5000,"Java backend development at a large enterprise — Spring Boot microservices, Kafka for inter-service messaging, Postgres + Redis for storage. Worked on the customer onboarding flow which involved orchestrating multiple downstream services. Solid on the Spring ecosystem, transaction handling, and the operational side of Java services. Looking to either go deeper on distributed systems or expand into modern application stacks."
CAND_0000048,Initech,Full Stack Developer,15-11-2016,08-02-2018,15,FALSE,Software,51-200,"Android mobile development using Java and (more recently) Kotlin at a consumer-app company. Built and maintained multiple production features including the main shopping flow, push notification system, and the offline-first sync layer. Comfortable with the Android framework, Jetpack components, and the typical patterns (MVVM, Hilt, Coroutines). My career has been entirely on mobile so far; interested in expanding into broader backend or platform engineering."
CAND_0000049,Wayne Enterprises,Mechanical Engineer,18-05-2022,NaN,49,TRUE,Conglomerate,10001+,"Enterprise sales of cloud software solutions into the mid-market segment. Carried a $1.8M ARR quota and consistently delivered against it across the last three years. Owned the full sales cycle: prospecting, discovery, technical evaluation (with SE support), commercial negotiation, and close. Strong on consultative selling for technical buyers; comfortable engaging with both engineering and finance stakeholders."
CAND_0000049,Hooli,Business Analyst,10-11-2017,18-04-2022,54,FALSE,Software,1001-5000,"Senior accounting role at a mid-sized company — month-end close, financial reporting, statutory compliance (GAAP / Ind-AS), and tax filings. Owned the GL, fixed-asset register, and the audit-readiness function. Managed a team of 3 staff accountants. Built strong process discipline around the close cycle, reducing close time from 12 days to 7 over the last two years."
CAND_0000049,Wayne Enterprises,Sales Executive,27-09-2014,10-11-2017,38,FALSE,Conglomerate,10001+,"Operations management role at a logistics company. Owned daily fulfillment operations across 3 warehouses, managing a team of 80 across receiving, picking, packing, and outbound. Built and tracked the operational KPIs (on-time fulfillment, accuracy, cost per order) and led the continuous improvement initiatives that drove a 22% productivity gain over 18 months."
CAND_0000050,Infosys,Business Analyst,15-09-2022,NaN,45,TRUE,IT Services,10001+,"Mechanical engineering design role at a hardware-product company. Led the design of two product subsystems through full lifecycle: concept, DFM/DFMA review, prototype, production tooling. Comfortable with CAD (SolidWorks, Creo), FEA (ANSYS), and the typical hardware-development cadence. Worked closely with manufacturing partners on production scale-up."
CAND_0000050,TCS,Marketing Manager,02-08-2019,17-07-2022,36,FALSE,IT Services,10001+,"Operations management role at a logistics company. Owned daily fulfillment operations across 3 warehouses, managing a team of 80 across receiving, picking, packing, and outbound. Built and tracked the operational KPIs (on-time fulfillment, accuracy, cost per order) and led the continuous improvement initiatives that drove a 22% productivity gain over 18 months."
CAND_0000050,Hooli,HR Manager,15-03-2017,03-07-2019,28,FALSE,Software,1001-5000,"Senior accounting role at a mid-sized company — month-end close, financial reporting, statutory compliance (GAAP / Ind-AS), and tax filings. Owned the GL, fixed-asset register, and the audit-readiness function. Managed a team of 3 staff accountants. Built strong process discipline around the close cycle, reducing close time from 12 days to 7 over the last two years."
CAND_0000050,Acme Corp,Content Writer,22-12-2012,01-03-2017,51,FALSE,Manufacturing,201-500,"Senior accounting role at a mid-sized company — month-end close, financial reporting, statutory compliance (GAAP / Ind-AS), and tax filings. Owned the GL, fixed-asset register, and the audit-readiness function. Managed a team of 3 staff accountants. Built strong process discipline around the close cycle, reducing close time from 12 days to 7 over the last two years."
